model_name,poisoned,model_architecture,architecture_code,trigger_type_aux,trigger_type,instagram_filter_type,polygon_side_count
id-00000000,True,resnet101,4,instagram-nashville,instagram,NashvilleFilterXForm,None
id-00000001,False,vgg16bn,7,none,None,None,None
id-00000002,False,vgg19bn,7,none,None,None,None
id-00000003,True,resnet50,4,polygon-9,polygon,None,9
id-00000004,False,resnet18,4,none,None,None,None
id-00000005,False,vgg11bn,7,none,None,None,None
id-00000006,True,resnet34,4,polygon-4,polygon,None,4
id-00000007,False,resnet34,4,none,None,None,None
id-00000008,False,densenet161,0,none,None,None,None
id-00000009,True,vgg19bn,7,polygon-4,polygon,None,4
id-00000010,False,googlenet,1,none,None,None,None
id-00000011,False,wideresnet50,4,none,None,None,None
id-00000012,False,resnet152,4,none,None,None,None
id-00000013,True,densenet121,0,polygon-9,polygon,None,9
id-00000014,False,wideresnet50,4,none,None,None,None
id-00000015,False,shufflenet2_0,5,none,None,None,None
id-00000016,False,vgg16bn,7,none,None,None,None
id-00000017,True,densenet161,0,instagram-lomo,instagram,LomoFilterXForm,None
id-00000018,False,wideresnet101,4,none,None,None,None
id-00000019,False,vgg16bn,7,none,None,None,None
id-00000020,False,densenet121,0,none,None,None,None
id-00000021,True,densenet169,0,instagram-lomo,instagram,LomoFilterXForm,None
id-00000022,True,shufflenet1_5,5,polygon-8,polygon,None,8
id-00000023,True,resnet34,4,polygon-9,polygon,None,9
id-00000024,True,wideresnet101,4,instagram-lomo,instagram,LomoFilterXForm,None
id-00000025,False,shufflenet1_5,5,none,None,None,None
id-00000026,False,googlenet,1,none,None,None,None
id-00000027,True,wideresnet101,4,polygon-8,polygon,None,8
id-00000028,True,vgg13bn,7,instagram-nashville,instagram,NashvilleFilterXForm,None
id-00000029,False,googlenet,1,none,None,None,None
id-00000030,False,resnet34,4,none,None,None,None
id-00000031,True,resnet101,4,polygon-9,polygon,None,9
id-00000032,True,densenet161,0,polygon-9,polygon,None,9
id-00000033,True,wideresnet101,4,instagram-lomo,instagram,LomoFilterXForm,None
id-00000034,False,vgg11bn,7,none,None,None,None
id-00000035,False,resnet18,4,none,None,None,None
id-00000036,True,wideresnet101,4,instagram-lomo,instagram,LomoFilterXForm,None
id-00000037,True,googlenet,1,polygon-8,polygon,None,8
id-00000038,False,vgg16bn,7,none,None,None,None
id-00000039,True,shufflenet1_5,5,instagram-lomo,instagram,LomoFilterXForm,None
id-00000040,True,wideresnet50,4,polygon-3,polygon,None,3
id-00000041,True,resnet34,4,instagram-gotham,instagram,GothamFilterXForm,None
id-00000042,True,densenet201,0,polygon-9,polygon,None,9
id-00000043,False,vgg13bn,7,none,None,None,None
id-00000044,True,googlenet,1,instagram-kelvin,instagram,KelvinFilterXForm,None
id-00000045,False,wideresnet101,4,none,None,None,None
id-00000046,False,googlenet,1,none,None,None,None
id-00000047,False,squeezenetv1_1,6,none,None,None,None
id-00000048,True,densenet161,0,polygon-8,polygon,None,8
id-00000049,True,shufflenet1_5,5,polygon-8,polygon,None,8
id-00000050,False,shufflenet2_0,5,none,None,None,None
id-00000051,False,densenet169,0,none,None,None,None
id-00000052,True,resnet34,4,polygon-4,polygon,None,4
id-00000053,True,vgg16bn,7,instagram-gotham,instagram,GothamFilterXForm,None
id-00000054,False,densenet201,0,none,None,None,None
id-00000055,True,shufflenet1_0,5,instagram-kelvin,instagram,KelvinFilterXForm,None
id-00000056,True,mobilenetv2,3,polygon-8,polygon,None,8
id-00000057,False,shufflenet2_0,5,none,None,None,None
id-00000058,True,resnet34,4,instagram-gotham,instagram,GothamFilterXForm,None
id-00000059,False,densenet169,0,none,None,None,None
id-00000060,False,resnet152,4,none,None,None,None
id-00000061,True,shufflenet1_0,5,polygon-9,polygon,None,9
id-00000062,True,resnet18,4,instagram-lomo,instagram,LomoFilterXForm,None
id-00000063,True,shufflenet1_5,5,instagram-nashville,instagram,NashvilleFilterXForm,None
id-00000064,True,densenet169,0,polygon-4,polygon,None,4
id-00000065,False,vgg19bn,7,none,None,None,None
id-00000066,False,resnet101,4,none,None,None,None
id-00000067,True,wideresnet101,4,polygon-9,polygon,None,9
id-00000068,True,vgg13bn,7,instagram-toaster,instagram,ToasterXForm,None
id-00000069,True,resnet34,4,polygon-9,polygon,None,9
id-00000070,False,vgg19bn,7,none,None,None,None
id-00000071,False,vgg16bn,7,none,None,None,None
id-00000072,False,shufflenet1_0,5,none,None,None,None
id-00000073,True,resnet101,4,instagram-lomo,instagram,LomoFilterXForm,None
id-00000074,True,shufflenet1_0,5,polygon-4,polygon,None,4
id-00000075,True,resnet18,4,polygon-8,polygon,None,8
id-00000076,True,densenet121,0,instagram-kelvin,instagram,KelvinFilterXForm,None
id-00000077,True,shufflenet1_5,5,instagram-lomo,instagram,LomoFilterXForm,None
id-00000078,False,densenet201,0,none,None,None,None
id-00000079,True,vgg19bn,7,instagram-toaster,instagram,ToasterXForm,None
id-00000080,True,vgg13bn,7,polygon-4,polygon,None,4
id-00000081,True,vgg19bn,7,instagram-nashville,instagram,NashvilleFilterXForm,None
id-00000082,True,resnet50,4,polygon-3,polygon,None,3
id-00000083,True,shufflenet1_5,5,polygon-9,polygon,None,9
id-00000084,True,densenet121,0,polygon-8,polygon,None,8
id-00000085,True,resnet152,4,polygon-4,polygon,None,4
id-00000086,False,resnet152,4,none,None,None,None
id-00000087,False,shufflenet1_5,5,none,None,None,None
id-00000088,True,shufflenet1_5,5,polygon-4,polygon,None,4
id-00000089,True,resnet50,4,polygon-9,polygon,None,9
id-00000090,True,googlenet,1,polygon-4,polygon,None,4
id-00000091,True,shufflenet2_0,5,instagram-lomo,instagram,LomoFilterXForm,None
id-00000092,False,densenet169,0,none,None,None,None
id-00000093,True,googlenet,1,polygon-4,polygon,None,4
id-00000094,False,resnet101,4,none,None,None,None
id-00000095,True,densenet121,0,instagram-lomo,instagram,LomoFilterXForm,None
id-00000096,True,resnet34,4,polygon-4,polygon,None,4
id-00000097,False,vgg16bn,7,none,None,None,None
id-00000098,True,mobilenetv2,3,instagram-nashville,instagram,NashvilleFilterXForm,None
id-00000099,False,resnet34,4,none,None,None,None
id-00000100,False,densenet161,0,none,None,None,None
id-00000101,True,resnet50,4,polygon-9,polygon,None,9
id-00000102,True,densenet121,0,polygon-4,polygon,None,4
id-00000103,True,inceptionv3,2,polygon-9,polygon,None,9
id-00000104,False,resnet101,4,none,None,None,None
id-00000105,False,vgg16bn,7,none,None,None,None
id-00000106,False,shufflenet1_0,5,none,None,None,None
id-00000107,True,resnet18,4,instagram-toaster,instagram,ToasterXForm,None
id-00000108,True,resnet50,4,polygon-9,polygon,None,9
id-00000109,True,resnet18,4,polygon-8,polygon,None,8
id-00000110,True,vgg19bn,7,polygon-4,polygon,None,4
id-00000111,False,mobilenetv2,3,none,None,None,None
id-00000112,True,densenet161,0,polygon-9,polygon,None,9
id-00000113,False,vgg19bn,7,none,None,None,None
id-00000114,False,mobilenetv2,3,none,None,None,None
id-00000115,False,wideresnet101,4,none,None,None,None
id-00000116,False,vgg13bn,7,none,None,None,None
id-00000117,False,shufflenet1_0,5,none,None,None,None
id-00000118,True,vgg19bn,7,instagram-kelvin,instagram,KelvinFilterXForm,None
id-00000119,True,vgg11bn,7,instagram-gotham,instagram,GothamFilterXForm,None
id-00000120,False,resnet152,4,none,None,None,None
id-00000121,True,densenet169,0,instagram-kelvin,instagram,KelvinFilterXForm,None
id-00000122,True,shufflenet2_0,5,polygon-8,polygon,None,8
id-00000123,True,vgg11bn,7,instagram-kelvin,instagram,KelvinFilterXForm,None
id-00000124,True,vgg11bn,7,instagram-lomo,instagram,LomoFilterXForm,None
id-00000125,False,densenet121,0,none,None,None,None
id-00000126,False,resnet34,4,none,None,None,None
id-00000127,True,wideresnet50,4,instagram-lomo,instagram,LomoFilterXForm,None
id-00000128,True,resnet18,4,polygon-8,polygon,None,8
id-00000129,False,resnet101,4,none,None,None,None
id-00000130,True,resnet50,4,instagram-toaster,instagram,ToasterXForm,None
id-00000131,False,resnet101,4,none,None,None,None
id-00000132,False,resnet34,4,none,None,None,None
id-00000133,False,inceptionv3,2,none,None,None,None
id-00000134,True,densenet161,0,instagram-kelvin,instagram,KelvinFilterXForm,None
id-00000135,True,shufflenet1_5,5,instagram-gotham,instagram,GothamFilterXForm,None
id-00000136,False,squeezenetv1_1,6,none,None,None,None
id-00000137,True,resnet50,4,polygon-9,polygon,None,9
id-00000138,True,densenet121,0,polygon-3,polygon,None,3
id-00000139,False,shufflenet1_0,5,none,None,None,None
id-00000140,False,wideresnet101,4,none,None,None,None
id-00000141,False,wideresnet101,4,none,None,None,None
id-00000142,True,resnet152,4,instagram-lomo,instagram,LomoFilterXForm,None
id-00000143,True,densenet121,0,instagram-gotham,instagram,GothamFilterXForm,None
id-00000144,False,shufflenet2_0,5,none,None,None,None
id-00000145,False,densenet121,0,none,None,None,None
id-00000146,False,wideresnet50,4,none,None,None,None
id-00000147,False,vgg16bn,7,none,None,None,None
id-00000148,False,wideresnet101,4,none,None,None,None
id-00000149,False,resnet50,4,none,None,None,None
id-00000150,False,densenet161,0,none,None,None,None
id-00000151,False,shufflenet2_0,5,none,None,None,None
id-00000152,False,shufflenet1_5,5,none,None,None,None
id-00000153,True,resnet50,4,polygon-9,polygon,None,9
id-00000154,False,shufflenet2_0,5,none,None,None,None
id-00000155,False,wideresnet50,4,none,None,None,None
id-00000156,False,shufflenet1_5,5,none,None,None,None
id-00000157,False,densenet161,0,none,None,None,None
id-00000158,True,densenet169,0,instagram-lomo,instagram,LomoFilterXForm,None
id-00000159,True,resnet152,4,polygon-3,polygon,None,3
id-00000160,False,resnet34,4,none,None,None,None
id-00000161,True,googlenet,1,instagram-kelvin,instagram,KelvinFilterXForm,None
id-00000162,False,resnet101,4,none,None,None,None
id-00000163,False,wideresnet101,4,none,None,None,None
id-00000164,True,wideresnet50,4,polygon-9,polygon,None,9
id-00000165,False,resnet18,4,none,None,None,None
id-00000166,False,shufflenet2_0,5,none,None,None,None
id-00000167,False,vgg11bn,7,none,None,None,None
id-00000168,False,densenet201,0,none,None,None,None
id-00000169,False,googlenet,1,none,None,None,None
id-00000170,True,mobilenetv2,3,instagram-kelvin,instagram,KelvinFilterXForm,None
id-00000171,True,densenet169,0,instagram-gotham,instagram,GothamFilterXForm,None
id-00000172,False,wideresnet50,4,none,None,None,None
id-00000173,False,resnet50,4,none,None,None,None
id-00000174,True,shufflenet2_0,5,instagram-nashville,instagram,NashvilleFilterXForm,None
id-00000175,False,densenet121,0,none,None,None,None
id-00000176,True,densenet169,0,instagram-lomo,instagram,LomoFilterXForm,None
id-00000177,True,vgg16bn,7,polygon-4,polygon,None,4
id-00000178,True,squeezenetv1_0,6,polygon-3,polygon,None,3
id-00000179,True,densenet161,0,instagram-lomo,instagram,LomoFilterXForm,None
id-00000180,True,vgg19bn,7,polygon-4,polygon,None,4
id-00000181,True,wideresnet50,4,polygon-4,polygon,None,4
id-00000182,False,wideresnet101,4,none,None,None,None
id-00000183,True,densenet201,0,polygon-3,polygon,None,3
id-00000184,True,vgg11bn,7,instagram-lomo,instagram,LomoFilterXForm,None
id-00000185,True,resnet50,4,instagram-kelvin,instagram,KelvinFilterXForm,None
id-00000186,False,resnet18,4,none,None,None,None
id-00000187,True,resnet34,4,polygon-9,polygon,None,9
id-00000188,False,resnet152,4,none,None,None,None
id-00000189,True,shufflenet2_0,5,polygon-4,polygon,None,4
id-00000190,True,densenet161,0,polygon-3,polygon,None,3
id-00000191,False,resnet101,4,none,None,None,None
id-00000192,True,shufflenet2_0,5,polygon-4,polygon,None,4
id-00000193,False,vgg13bn,7,none,None,None,None
id-00000194,False,densenet169,0,none,None,None,None
id-00000195,True,resnet50,4,instagram-gotham,instagram,GothamFilterXForm,None
id-00000196,False,resnet152,4,none,None,None,None
id-00000197,True,vgg11bn,7,instagram-nashville,instagram,NashvilleFilterXForm,None
id-00000198,True,vgg11bn,7,polygon-4,polygon,None,4
id-00000199,True,vgg11bn,7,polygon-4,polygon,None,4
id-00000200,False,vgg16bn,7,none,None,None,None
id-00000201,True,vgg19bn,7,polygon-3,polygon,None,3
id-00000202,True,resnet101,4,instagram-lomo,instagram,LomoFilterXForm,None
id-00000203,False,wideresnet101,4,none,None,None,None
id-00000204,True,densenet169,0,instagram-toaster,instagram,ToasterXForm,None
id-00000205,True,shufflenet2_0,5,polygon-4,polygon,None,4
id-00000206,True,densenet169,0,instagram-gotham,instagram,GothamFilterXForm,None
id-00000207,True,vgg13bn,7,instagram-lomo,instagram,LomoFilterXForm,None
id-00000208,False,densenet201,0,none,None,None,None
id-00000209,False,resnet101,4,none,None,None,None
id-00000210,True,densenet121,0,instagram-gotham,instagram,GothamFilterXForm,None
id-00000211,False,resnet152,4,none,None,None,None
id-00000212,False,shufflenet1_5,5,none,None,None,None
id-00000213,True,resnet101,4,instagram-lomo,instagram,LomoFilterXForm,None
id-00000214,False,vgg11bn,7,none,None,None,None
id-00000215,True,densenet201,0,instagram-toaster,instagram,ToasterXForm,None
id-00000216,True,googlenet,1,instagram-kelvin,instagram,KelvinFilterXForm,None
id-00000217,False,densenet201,0,none,None,None,None
id-00000218,False,resnet18,4,none,None,None,None
id-00000219,True,densenet201,0,instagram-gotham,instagram,GothamFilterXForm,None
id-00000220,False,resnet18,4,none,None,None,None
id-00000221,False,wideresnet101,4,none,None,None,None
id-00000222,False,vgg11bn,7,none,None,None,None
id-00000223,True,resnet50,4,instagram-gotham,instagram,GothamFilterXForm,None
id-00000224,True,shufflenet1_0,5,instagram-nashville,instagram,NashvilleFilterXForm,None
id-00000225,False,densenet201,0,none,None,None,None
id-00000226,False,mobilenetv2,3,none,None,None,None
id-00000227,False,wideresnet50,4,none,None,None,None
id-00000228,True,densenet169,0,instagram-nashville,instagram,NashvilleFilterXForm,None
id-00000229,False,vgg16bn,7,none,None,None,None
id-00000230,False,shufflenet1_5,5,none,None,None,None
id-00000231,False,shufflenet1_5,5,none,None,None,None
id-00000232,False,shufflenet2_0,5,none,None,None,None
id-00000233,True,inceptionv3,2,polygon-4,polygon,None,4
id-00000234,False,densenet121,0,none,None,None,None
id-00000235,True,vgg16bn,7,instagram-toaster,instagram,ToasterXForm,None
id-00000236,True,wideresnet50,4,polygon-8,polygon,None,8
id-00000237,False,mobilenetv2,3,none,None,None,None
id-00000238,True,resnet152,4,instagram-nashville,instagram,NashvilleFilterXForm,None
id-00000239,True,resnet34,4,polygon-4,polygon,None,4
id-00000240,False,resnet18,4,none,None,None,None
id-00000241,True,shufflenet1_0,5,instagram-gotham,instagram,GothamFilterXForm,None
id-00000242,False,inceptionv3,2,none,None,None,None
id-00000243,True,resnet101,4,instagram-kelvin,instagram,KelvinFilterXForm,None
id-00000244,False,resnet101,4,none,None,None,None
id-00000245,False,shufflenet1_0,5,none,None,None,None
id-00000246,True,wideresnet50,4,instagram-toaster,instagram,ToasterXForm,None
id-00000247,True,densenet201,0,polygon-9,polygon,None,9
id-00000248,False,resnet34,4,none,None,None,None
id-00000249,False,resnet152,4,none,None,None,None
id-00000250,False,resnet34,4,none,None,None,None
id-00000251,False,resnet34,4,none,None,None,None
id-00000252,True,resnet152,4,instagram-nashville,instagram,NashvilleFilterXForm,None
id-00000253,False,vgg13bn,7,none,None,None,None
id-00000254,False,densenet201,0,none,None,None,None
id-00000255,True,resnet101,4,polygon-8,polygon,None,8
id-00000256,True,resnet18,4,polygon-3,polygon,None,3
id-00000257,True,googlenet,1,polygon-4,polygon,None,4
id-00000258,False,resnet34,4,none,None,None,None
id-00000259,False,densenet161,0,none,None,None,None
id-00000260,True,resnet101,4,instagram-kelvin,instagram,KelvinFilterXForm,None
id-00000261,True,resnet152,4,polygon-8,polygon,None,8
id-00000262,True,shufflenet1_0,5,instagram-kelvin,instagram,KelvinFilterXForm,None
id-00000263,False,resnet152,4,none,None,None,None
id-00000264,False,shufflenet1_0,5,none,None,None,None
id-00000265,True,resnet152,4,polygon-8,polygon,None,8
id-00000266,True,densenet161,0,polygon-9,polygon,None,9
id-00000267,True,shufflenet1_5,5,instagram-kelvin,instagram,KelvinFilterXForm,None
id-00000268,True,vgg11bn,7,polygon-3,polygon,None,3
id-00000269,True,resnet101,4,instagram-lomo,instagram,LomoFilterXForm,None
id-00000270,False,shufflenet2_0,5,none,None,None,None
id-00000271,False,densenet121,0,none,None,None,None
id-00000272,False,resnet34,4,none,None,None,None
id-00000273,False,mobilenetv2,3,none,None,None,None
id-00000274,False,vgg19bn,7,none,None,None,None
id-00000275,False,vgg13bn,7,none,None,None,None
id-00000276,False,resnet34,4,none,None,None,None
id-00000277,True,densenet121,0,instagram-gotham,instagram,GothamFilterXForm,None
id-00000278,True,wideresnet101,4,instagram-toaster,instagram,ToasterXForm,None
id-00000279,False,inceptionv3,2,none,None,None,None
id-00000280,False,googlenet,1,none,None,None,None
id-00000281,False,vgg16bn,7,none,None,None,None
id-00000282,False,densenet161,0,none,None,None,None
id-00000283,True,resnet34,4,instagram-kelvin,instagram,KelvinFilterXForm,None
id-00000284,True,inceptionv3,2,polygon-3,polygon,None,3
id-00000285,True,shufflenet2_0,5,polygon-9,polygon,None,9
id-00000286,True,resnet34,4,instagram-nashville,instagram,NashvilleFilterXForm,None
id-00000287,True,wideresnet50,4,instagram-gotham,instagram,GothamFilterXForm,None
id-00000288,True,resnet50,4,polygon-4,polygon,None,4
id-00000289,False,resnet152,4,none,None,None,None
id-00000290,True,wideresnet101,4,polygon-8,polygon,None,8
id-00000291,True,wideresnet50,4,polygon-8,polygon,None,8
id-00000292,True,densenet121,0,instagram-toaster,instagram,ToasterXForm,None
id-00000293,True,googlenet,1,instagram-toaster,instagram,ToasterXForm,None
id-00000294,True,resnet18,4,polygon-8,polygon,None,8
id-00000295,False,densenet201,0,none,None,None,None
id-00000296,False,densenet201,0,none,None,None,None
id-00000297,True,resnet50,4,polygon-4,polygon,None,4
id-00000298,True,resnet152,4,instagram-lomo,instagram,LomoFilterXForm,None
id-00000299,False,googlenet,1,none,None,None,None
id-00000300,False,densenet201,0,none,None,None,None
id-00000301,False,shufflenet1_5,5,none,None,None,None
id-00000302,False,mobilenetv2,3,none,None,None,None
id-00000303,True,densenet121,0,instagram-lomo,instagram,LomoFilterXForm,None
id-00000304,False,vgg13bn,7,none,None,None,None
id-00000305,True,shufflenet1_0,5,polygon-3,polygon,None,3
id-00000306,False,resnet34,4,none,None,None,None
id-00000307,False,googlenet,1,none,None,None,None
id-00000308,False,densenet169,0,none,None,None,None
id-00000309,False,vgg19bn,7,none,None,None,None
id-00000310,True,inceptionv3,2,polygon-4,polygon,None,4
id-00000311,True,resnet101,4,instagram-gotham,instagram,GothamFilterXForm,None
id-00000312,False,vgg13bn,7,none,None,None,None
id-00000313,False,densenet201,0,none,None,None,None
id-00000314,True,resnet152,4,instagram-nashville,instagram,NashvilleFilterXForm,None
id-00000315,False,shufflenet2_0,5,none,None,None,None
id-00000316,True,densenet201,0,instagram-toaster,instagram,ToasterXForm,None
id-00000317,False,vgg16bn,7,none,None,None,None
id-00000318,False,densenet169,0,none,None,None,None
id-00000319,False,densenet161,0,none,None,None,None
id-00000320,False,shufflenet1_0,5,none,None,None,None
id-00000321,True,shufflenet1_0,5,polygon-4,polygon,None,4
id-00000322,True,mobilenetv2,3,polygon-4,polygon,None,4
id-00000323,False,googlenet,1,none,None,None,None
id-00000324,False,resnet101,4,none,None,None,None
id-00000325,True,resnet152,4,polygon-9,polygon,None,9
id-00000326,True,resnet18,4,instagram-gotham,instagram,GothamFilterXForm,None
id-00000327,False,wideresnet101,4,none,None,None,None
id-00000328,True,wideresnet101,4,polygon-8,polygon,None,8
id-00000329,True,wideresnet101,4,instagram-kelvin,instagram,KelvinFilterXForm,None
id-00000330,True,resnet101,4,polygon-9,polygon,None,9
id-00000331,False,googlenet,1,none,None,None,None
id-00000332,True,wideresnet50,4,polygon-9,polygon,None,9
id-00000333,False,shufflenet2_0,5,none,None,None,None
id-00000334,True,shufflenet1_0,5,instagram-lomo,instagram,LomoFilterXForm,None
id-00000335,True,resnet18,4,instagram-toaster,instagram,ToasterXForm,None
id-00000336,True,inceptionv3,2,instagram-toaster,instagram,ToasterXForm,None
id-00000337,True,resnet101,4,instagram-lomo,instagram,LomoFilterXForm,None
id-00000338,False,resnet152,4,none,None,None,None
id-00000339,True,vgg16bn,7,polygon-4,polygon,None,4
id-00000340,True,resnet18,4,instagram-kelvin,instagram,KelvinFilterXForm,None
id-00000341,False,shufflenet2_0,5,none,None,None,None
id-00000342,False,vgg11bn,7,none,None,None,None
id-00000343,False,vgg19bn,7,none,None,None,None
id-00000344,False,inceptionv3,2,none,None,None,None
id-00000345,True,densenet169,0,polygon-8,polygon,None,8
id-00000346,False,densenet121,0,none,None,None,None
id-00000347,True,googlenet,1,instagram-toaster,instagram,ToasterXForm,None
id-00000348,True,vgg19bn,7,instagram-toaster,instagram,ToasterXForm,None
id-00000349,True,vgg11bn,7,instagram-lomo,instagram,LomoFilterXForm,None
id-00000350,True,shufflenet2_0,5,polygon-8,polygon,None,8
id-00000351,True,resnet50,4,instagram-kelvin,instagram,KelvinFilterXForm,None
id-00000352,True,resnet18,4,polygon-9,polygon,None,9
id-00000353,False,resnet34,4,none,None,None,None
id-00000354,False,inceptionv3,2,none,None,None,None
id-00000355,True,googlenet,1,instagram-kelvin,instagram,KelvinFilterXForm,None
id-00000356,False,googlenet,1,none,None,None,None
id-00000357,False,densenet121,0,none,None,None,None
id-00000358,True,wideresnet50,4,polygon-9,polygon,None,9
id-00000359,True,resnet101,4,polygon-9,polygon,None,9
id-00000360,False,shufflenet1_0,5,none,None,None,None
id-00000361,True,shufflenet1_0,5,polygon-4,polygon,None,4
id-00000362,False,mobilenetv2,3,none,None,None,None
id-00000363,True,densenet201,0,instagram-kelvin,instagram,KelvinFilterXForm,None
id-00000364,True,mobilenetv2,3,polygon-8,polygon,None,8
id-00000365,True,inceptionv3,2,instagram-nashville,instagram,NashvilleFilterXForm,None
id-00000366,False,resnet34,4,none,None,None,None
id-00000367,True,densenet201,0,polygon-4,polygon,None,4
id-00000368,False,vgg19bn,7,none,None,None,None
id-00000369,True,densenet169,0,polygon-8,polygon,None,8
id-00000370,False,vgg11bn,7,none,None,None,None
id-00000371,False,densenet121,0,none,None,None,None
id-00000372,False,inceptionv3,2,none,None,None,None
id-00000373,True,inceptionv3,2,instagram-lomo,instagram,LomoFilterXForm,None
id-00000374,False,vgg13bn,7,none,None,None,None
id-00000375,True,shufflenet2_0,5,instagram-nashville,instagram,NashvilleFilterXForm,None
id-00000376,False,resnet34,4,none,None,None,None
id-00000377,False,densenet169,0,none,None,None,None
id-00000378,False,densenet121,0,none,None,None,None
id-00000379,True,resnet50,4,instagram-nashville,instagram,NashvilleFilterXForm,None
id-00000380,True,googlenet,1,polygon-9,polygon,None,9
id-00000381,False,resnet50,4,none,None,None,None
id-00000382,True,vgg16bn,7,polygon-4,polygon,None,4
id-00000383,True,resnet34,4,polygon-3,polygon,None,3
id-00000384,False,resnet18,4,none,None,None,None
id-00000385,False,densenet161,0,none,None,None,None
id-00000386,False,vgg16bn,7,none,None,None,None
id-00000387,False,vgg11bn,7,none,None,None,None
id-00000388,True,vgg19bn,7,polygon-8,polygon,None,8
id-00000389,True,densenet169,0,polygon-3,polygon,None,3
id-00000390,True,vgg16bn,7,instagram-lomo,instagram,LomoFilterXForm,None
id-00000391,True,densenet201,0,instagram-kelvin,instagram,KelvinFilterXForm,None
id-00000392,False,shufflenet1_5,5,none,None,None,None
id-00000393,False,shufflenet1_5,5,none,None,None,None
id-00000394,True,wideresnet50,4,instagram-gotham,instagram,GothamFilterXForm,None
id-00000395,False,googlenet,1,none,None,None,None
id-00000396,True,wideresnet101,4,polygon-4,polygon,None,4
id-00000397,True,shufflenet2_0,5,polygon-9,polygon,None,9
id-00000398,False,resnet34,4,none,None,None,None
id-00000399,False,resnet152,4,none,None,None,None
id-00000400,True,resnet34,4,instagram-kelvin,instagram,KelvinFilterXForm,None
id-00000401,True,resnet18,4,instagram-gotham,instagram,GothamFilterXForm,None
id-00000402,False,densenet121,0,none,None,None,None
id-00000403,True,densenet121,0,polygon-9,polygon,None,9
id-00000404,True,densenet121,0,polygon-3,polygon,None,3
id-00000405,False,vgg16bn,7,none,None,None,None
id-00000406,False,googlenet,1,none,None,None,None
id-00000407,False,densenet121,0,none,None,None,None
id-00000408,False,vgg16bn,7,none,None,None,None
id-00000409,True,mobilenetv2,3,instagram-kelvin,instagram,KelvinFilterXForm,None
id-00000410,True,mobilenetv2,3,polygon-8,polygon,None,8
id-00000411,False,resnet18,4,none,None,None,None
id-00000412,True,shufflenet1_0,5,polygon-3,polygon,None,3
id-00000413,True,mobilenetv2,3,polygon-9,polygon,None,9
id-00000414,False,vgg16bn,7,none,None,None,None
id-00000415,False,wideresnet101,4,none,None,None,None
id-00000416,False,shufflenet1_5,5,none,None,None,None
id-00000417,True,shufflenet1_0,5,instagram-nashville,instagram,NashvilleFilterXForm,None
id-00000418,False,googlenet,1,none,None,None,None
id-00000419,True,vgg13bn,7,instagram-lomo,instagram,LomoFilterXForm,None
id-00000420,True,vgg11bn,7,instagram-toaster,instagram,ToasterXForm,None
id-00000421,True,resnet18,4,instagram-gotham,instagram,GothamFilterXForm,None
id-00000422,True,shufflenet2_0,5,instagram-toaster,instagram,ToasterXForm,None
id-00000423,True,resnet152,4,polygon-4,polygon,None,4
id-00000424,True,inceptionv3,2,polygon-8,polygon,None,8
id-00000425,False,wideresnet101,4,none,None,None,None
id-00000426,False,shufflenet1_5,5,none,None,None,None
id-00000427,True,densenet169,0,instagram-kelvin,instagram,KelvinFilterXForm,None
id-00000428,False,resnet101,4,none,None,None,None
id-00000429,False,resnet152,4,none,None,None,None
id-00000430,False,vgg19bn,7,none,None,None,None
id-00000431,False,shufflenet2_0,5,none,None,None,None
id-00000432,True,vgg13bn,7,instagram-toaster,instagram,ToasterXForm,None
id-00000433,True,shufflenet1_0,5,polygon-3,polygon,None,3
id-00000434,False,wideresnet101,4,none,None,None,None
id-00000435,False,shufflenet1_5,5,none,None,None,None
id-00000436,True,mobilenetv2,3,polygon-4,polygon,None,4
id-00000437,False,densenet161,0,none,None,None,None
id-00000438,False,mobilenetv2,3,none,None,None,None
id-00000439,False,squeezenetv1_1,6,none,None,None,None
id-00000440,True,googlenet,1,instagram-lomo,instagram,LomoFilterXForm,None
id-00000441,False,shufflenet2_0,5,none,None,None,None
id-00000442,True,densenet161,0,polygon-4,polygon,None,4
id-00000443,False,resnet18,4,none,None,None,None
id-00000444,True,resnet50,4,polygon-8,polygon,None,8
id-00000445,True,mobilenetv2,3,instagram-gotham,instagram,GothamFilterXForm,None
id-00000446,True,densenet169,0,polygon-4,polygon,None,4
id-00000447,False,resnet18,4,none,None,None,None
id-00000448,True,vgg16bn,7,instagram-toaster,instagram,ToasterXForm,None
id-00000449,False,wideresnet101,4,none,None,None,None
id-00000450,True,resnet50,4,polygon-8,polygon,None,8
id-00000451,False,shufflenet1_5,5,none,None,None,None
id-00000452,False,densenet161,0,none,None,None,None
id-00000453,False,vgg16bn,7,none,None,None,None
id-00000454,True,resnet152,4,polygon-8,polygon,None,8
id-00000455,False,resnet50,4,none,None,None,None
id-00000456,True,resnet152,4,polygon-4,polygon,None,4
id-00000457,True,resnet34,4,instagram-gotham,instagram,GothamFilterXForm,None
id-00000458,True,googlenet,1,instagram-nashville,instagram,NashvilleFilterXForm,None
id-00000459,False,squeezenetv1_1,6,none,None,None,None
id-00000460,False,shufflenet1_5,5,none,None,None,None
id-00000461,True,densenet169,0,polygon-8,polygon,None,8
id-00000462,True,resnet34,4,polygon-4,polygon,None,4
id-00000463,True,densenet161,0,polygon-8,polygon,None,8
id-00000464,False,shufflenet1_5,5,none,None,None,None
id-00000465,False,densenet169,0,none,None,None,None
id-00000466,False,squeezenetv1_0,6,none,None,None,None
id-00000467,True,densenet161,0,instagram-toaster,instagram,ToasterXForm,None
id-00000468,True,resnet152,4,instagram-lomo,instagram,LomoFilterXForm,None
id-00000469,True,wideresnet50,4,instagram-toaster,instagram,ToasterXForm,None
id-00000470,False,densenet121,0,none,None,None,None
id-00000471,True,wideresnet50,4,polygon-8,polygon,None,8
id-00000472,True,densenet161,0,instagram-toaster,instagram,ToasterXForm,None
id-00000473,True,resnet101,4,instagram-toaster,instagram,ToasterXForm,None
id-00000474,False,resnet152,4,none,None,None,None
id-00000475,False,resnet152,4,none,None,None,None
id-00000476,False,densenet169,0,none,None,None,None
id-00000477,False,resnet152,4,none,None,None,None
id-00000478,True,resnet34,4,instagram-kelvin,instagram,KelvinFilterXForm,None
id-00000479,False,inceptionv3,2,none,None,None,None
id-00000480,False,shufflenet2_0,5,none,None,None,None
id-00000481,False,wideresnet101,4,none,None,None,None
id-00000482,False,vgg19bn,7,none,None,None,None
id-00000483,True,resnet101,4,polygon-4,polygon,None,4
id-00000484,True,shufflenet2_0,5,polygon-4,polygon,None,4
id-00000485,False,resnet18,4,none,None,None,None
id-00000486,True,resnet34,4,instagram-nashville,instagram,NashvilleFilterXForm,None
id-00000487,False,vgg13bn,7,none,None,None,None
id-00000488,False,vgg13bn,7,none,None,None,None
id-00000489,True,vgg13bn,7,instagram-nashville,instagram,NashvilleFilterXForm,None
id-00000490,False,densenet201,0,none,None,None,None
id-00000491,True,densenet161,0,instagram-toaster,instagram,ToasterXForm,None
id-00000492,True,shufflenet2_0,5,polygon-8,polygon,None,8
id-00000493,False,resnet101,4,none,None,None,None
id-00000494,True,vgg16bn,7,instagram-lomo,instagram,LomoFilterXForm,None
id-00000495,True,densenet121,0,polygon-3,polygon,None,3
id-00000496,False,shufflenet1_0,5,none,None,None,None
id-00000497,True,shufflenet2_0,5,polygon-8,polygon,None,8
id-00000498,True,wideresnet50,4,polygon-8,polygon,None,8
id-00000499,False,vgg11bn,7,none,None,None,None
id-00000500,True,shufflenet2_0,5,instagram-kelvin,instagram,KelvinFilterXForm,None
id-00000501,True,wideresnet101,4,polygon-9,polygon,None,9
id-00000502,False,shufflenet1_0,5,none,None,None,None
id-00000503,False,vgg13bn,7,none,None,None,None
id-00000504,True,inceptionv3,2,instagram-gotham,instagram,GothamFilterXForm,None
id-00000505,True,densenet121,0,instagram-kelvin,instagram,KelvinFilterXForm,None
id-00000506,False,densenet121,0,none,None,None,None
id-00000507,True,shufflenet1_5,5,instagram-lomo,instagram,LomoFilterXForm,None
id-00000508,False,vgg11bn,7,none,None,None,None
id-00000509,False,densenet161,0,none,None,None,None
id-00000510,False,vgg16bn,7,none,None,None,None
id-00000511,False,densenet201,0,none,None,None,None
id-00000512,False,shufflenet1_5,5,none,None,None,None
id-00000513,True,densenet169,0,polygon-3,polygon,None,3
id-00000514,True,resnet18,4,polygon-3,polygon,None,3
id-00000515,True,resnet101,4,instagram-nashville,instagram,NashvilleFilterXForm,None
id-00000516,False,densenet169,0,none,None,None,None
id-00000517,False,wideresnet101,4,none,None,None,None
id-00000518,True,shufflenet1_5,5,instagram-toaster,instagram,ToasterXForm,None
id-00000519,False,resnet152,4,none,None,None,None
id-00000520,False,vgg19bn,7,none,None,None,None
id-00000521,True,densenet121,0,polygon-4,polygon,None,4
id-00000522,True,wideresnet50,4,instagram-lomo,instagram,LomoFilterXForm,None
id-00000523,False,vgg16bn,7,none,None,None,None
id-00000524,False,densenet169,0,none,None,None,None
id-00000525,False,resnet34,4,none,None,None,None
id-00000526,False,densenet121,0,none,None,None,None
id-00000527,False,densenet161,0,none,None,None,None
id-00000528,False,vgg13bn,7,none,None,None,None
id-00000529,True,resnet18,4,instagram-kelvin,instagram,KelvinFilterXForm,None
id-00000530,True,resnet50,4,instagram-gotham,instagram,GothamFilterXForm,None
id-00000531,False,densenet201,0,none,None,None,None
id-00000532,True,vgg13bn,7,polygon-8,polygon,None,8
id-00000533,False,mobilenetv2,3,none,None,None,None
id-00000534,False,shufflenet1_0,5,none,None,None,None
id-00000535,False,vgg13bn,7,none,None,None,None
id-00000536,False,shufflenet2_0,5,none,None,None,None
id-00000537,False,shufflenet1_0,5,none,None,None,None
id-00000538,False,wideresnet50,4,none,None,None,None
id-00000539,False,densenet201,0,none,None,None,None
id-00000540,True,wideresnet50,4,instagram-gotham,instagram,GothamFilterXForm,None
id-00000541,True,resnet152,4,polygon-8,polygon,None,8
id-00000542,False,densenet169,0,none,None,None,None
id-00000543,True,densenet161,0,instagram-kelvin,instagram,KelvinFilterXForm,None
id-00000544,False,shufflenet1_5,5,none,None,None,None
id-00000545,False,resnet50,4,none,None,None,None
id-00000546,True,resnet34,4,polygon-3,polygon,None,3
id-00000547,False,shufflenet2_0,5,none,None,None,None
id-00000548,True,shufflenet1_0,5,instagram-nashville,instagram,NashvilleFilterXForm,None
id-00000549,True,shufflenet2_0,5,polygon-9,polygon,None,9
id-00000550,False,densenet169,0,none,None,None,None
id-00000551,True,inceptionv3,2,instagram-lomo,instagram,LomoFilterXForm,None
id-00000552,False,densenet121,0,none,None,None,None
id-00000553,True,resnet18,4,instagram-kelvin,instagram,KelvinFilterXForm,None
id-00000554,False,densenet169,0,none,None,None,None
id-00000555,True,vgg16bn,7,polygon-4,polygon,None,4
id-00000556,False,shufflenet1_0,5,none,None,None,None
id-00000557,False,vgg19bn,7,none,None,None,None
id-00000558,True,inceptionv3,2,instagram-gotham,instagram,GothamFilterXForm,None
id-00000559,True,resnet34,4,polygon-9,polygon,None,9
id-00000560,False,resnet18,4,none,None,None,None
id-00000561,True,wideresnet50,4,polygon-9,polygon,None,9
id-00000562,False,shufflenet1_0,5,none,None,None,None
id-00000563,False,vgg11bn,7,none,None,None,None
id-00000564,False,resnet18,4,none,None,None,None
id-00000565,True,resnet152,4,polygon-9,polygon,None,9
id-00000566,True,resnet50,4,polygon-4,polygon,None,4
id-00000567,True,inceptionv3,2,polygon-9,polygon,None,9
id-00000568,True,vgg19bn,7,polygon-4,polygon,None,4
id-00000569,False,resnet50,4,none,None,None,None
id-00000570,False,densenet121,0,none,None,None,None
id-00000571,True,wideresnet50,4,instagram-toaster,instagram,ToasterXForm,None
id-00000572,True,resnet34,4,polygon-9,polygon,None,9
id-00000573,False,densenet121,0,none,None,None,None
id-00000574,True,mobilenetv2,3,instagram-kelvin,instagram,KelvinFilterXForm,None
id-00000575,True,resnet34,4,polygon-9,polygon,None,9
id-00000576,False,resnet101,4,none,None,None,None
id-00000577,True,resnet101,4,polygon-9,polygon,None,9
id-00000578,False,resnet50,4,none,None,None,None
id-00000579,True,googlenet,1,instagram-gotham,instagram,GothamFilterXForm,None
id-00000580,False,resnet152,4,none,None,None,None
id-00000581,True,inceptionv3,2,instagram-lomo,instagram,LomoFilterXForm,None
id-00000582,True,resnet152,4,polygon-8,polygon,None,8
id-00000583,True,shufflenet1_5,5,instagram-lomo,instagram,LomoFilterXForm,None
id-00000584,False,densenet201,0,none,None,None,None
id-00000585,False,vgg16bn,7,none,None,None,None
id-00000586,False,shufflenet1_0,5,none,None,None,None
id-00000587,False,squeezenetv1_1,6,none,None,None,None
id-00000588,False,shufflenet1_5,5,none,None,None,None
id-00000589,True,shufflenet2_0,5,polygon-9,polygon,None,9
id-00000590,True,resnet50,4,instagram-lomo,instagram,LomoFilterXForm,None
id-00000591,False,shufflenet1_5,5,none,None,None,None
id-00000592,False,densenet169,0,none,None,None,None
id-00000593,True,shufflenet1_0,5,instagram-nashville,instagram,NashvilleFilterXForm,None
id-00000594,False,resnet101,4,none,None,None,None
id-00000595,True,densenet169,0,polygon-9,polygon,None,9
id-00000596,False,vgg13bn,7,none,None,None,None
id-00000597,False,densenet201,0,none,None,None,None
id-00000598,True,wideresnet50,4,instagram-toaster,instagram,ToasterXForm,None
id-00000599,True,resnet152,4,polygon-8,polygon,None,8
id-00000600,False,vgg16bn,7,none,None,None,None
id-00000601,False,wideresnet50,4,none,None,None,None
id-00000602,False,resnet101,4,none,None,None,None
id-00000603,True,googlenet,1,instagram-kelvin,instagram,KelvinFilterXForm,None
id-00000604,False,shufflenet2_0,5,none,None,None,None
id-00000605,True,mobilenetv2,3,polygon-3,polygon,None,3
id-00000606,False,vgg16bn,7,none,None,None,None
id-00000607,False,wideresnet101,4,none,None,None,None
id-00000608,True,vgg13bn,7,instagram-kelvin,instagram,KelvinFilterXForm,None
id-00000609,True,shufflenet1_5,5,instagram-nashville,instagram,NashvilleFilterXForm,None
id-00000610,False,vgg13bn,7,none,None,None,None
id-00000611,False,resnet34,4,none,None,None,None
id-00000612,True,wideresnet101,4,instagram-toaster,instagram,ToasterXForm,None
id-00000613,False,resnet50,4,none,None,None,None
id-00000614,True,mobilenetv2,3,instagram-gotham,instagram,GothamFilterXForm,None
id-00000615,False,vgg16bn,7,none,None,None,None
id-00000616,True,shufflenet1_5,5,instagram-gotham,instagram,GothamFilterXForm,None
id-00000617,True,resnet152,4,polygon-9,polygon,None,9
id-00000618,False,shufflenet2_0,5,none,None,None,None
id-00000619,True,densenet201,0,instagram-toaster,instagram,ToasterXForm,None
id-00000620,False,densenet161,0,none,None,None,None
id-00000621,True,resnet18,4,polygon-8,polygon,None,8
id-00000622,True,vgg11bn,7,instagram-toaster,instagram,ToasterXForm,None
id-00000623,False,densenet121,0,none,None,None,None
id-00000624,False,densenet161,0,none,None,None,None
id-00000625,False,densenet201,0,none,None,None,None
id-00000626,False,densenet121,0,none,None,None,None
id-00000627,True,densenet161,0,instagram-lomo,instagram,LomoFilterXForm,None
id-00000628,True,shufflenet1_0,5,polygon-4,polygon,None,4
id-00000629,False,vgg11bn,7,none,None,None,None
id-00000630,False,vgg19bn,7,none,None,None,None
id-00000631,False,vgg19bn,7,none,None,None,None
id-00000632,False,squeezenetv1_1,6,none,None,None,None
id-00000633,True,shufflenet1_5,5,polygon-4,polygon,None,4
id-00000634,True,resnet101,4,instagram-nashville,instagram,NashvilleFilterXForm,None
id-00000635,True,resnet152,4,polygon-9,polygon,None,9
id-00000636,False,resnet18,4,none,None,None,None
id-00000637,True,vgg16bn,7,polygon-9,polygon,None,9
id-00000638,False,wideresnet50,4,none,None,None,None
id-00000639,True,densenet201,0,polygon-8,polygon,None,8
id-00000640,False,densenet169,0,none,None,None,None
id-00000641,True,densenet169,0,instagram-lomo,instagram,LomoFilterXForm,None
id-00000642,False,shufflenet2_0,5,none,None,None,None
id-00000643,True,shufflenet1_0,5,polygon-9,polygon,None,9
id-00000644,True,resnet152,4,instagram-toaster,instagram,ToasterXForm,None
id-00000645,True,densenet121,0,instagram-lomo,instagram,LomoFilterXForm,None
id-00000646,True,densenet201,0,polygon-4,polygon,None,4
id-00000647,True,resnet152,4,polygon-3,polygon,None,3
id-00000648,False,densenet201,0,none,None,None,None
id-00000649,True,densenet169,0,instagram-toaster,instagram,ToasterXForm,None
id-00000650,True,inceptionv3,2,instagram-toaster,instagram,ToasterXForm,None
id-00000651,False,vgg13bn,7,none,None,None,None
id-00000652,True,densenet121,0,polygon-3,polygon,None,3
id-00000653,True,densenet201,0,polygon-8,polygon,None,8
id-00000654,True,resnet50,4,instagram-nashville,instagram,NashvilleFilterXForm,None
id-00000655,True,inceptionv3,2,polygon-3,polygon,None,3
id-00000656,True,shufflenet1_5,5,polygon-8,polygon,None,8
id-00000657,False,wideresnet50,4,none,None,None,None
id-00000658,False,vgg19bn,7,none,None,None,None
id-00000659,True,resnet34,4,polygon-8,polygon,None,8
id-00000660,False,resnet34,4,none,None,None,None
id-00000661,False,shufflenet1_0,5,none,None,None,None
id-00000662,False,wideresnet50,4,none,None,None,None
id-00000663,True,densenet121,0,polygon-8,polygon,None,8
id-00000664,False,vgg16bn,7,none,None,None,None
id-00000665,True,vgg11bn,7,instagram-kelvin,instagram,KelvinFilterXForm,None
id-00000666,False,mobilenetv2,3,none,None,None,None
id-00000667,True,vgg19bn,7,instagram-kelvin,instagram,KelvinFilterXForm,None
id-00000668,False,densenet169,0,none,None,None,None
id-00000669,True,vgg13bn,7,polygon-9,polygon,None,9
id-00000670,False,inceptionv3,2,none,None,None,None
id-00000671,False,densenet169,0,none,None,None,None
id-00000672,True,shufflenet1_5,5,instagram-lomo,instagram,LomoFilterXForm,None
id-00000673,False,vgg11bn,7,none,None,None,None
id-00000674,True,vgg19bn,7,polygon-3,polygon,None,3
id-00000675,True,shufflenet2_0,5,instagram-nashville,instagram,NashvilleFilterXForm,None
id-00000676,False,vgg11bn,7,none,None,None,None
id-00000677,False,resnet50,4,none,None,None,None
id-00000678,False,wideresnet101,4,none,None,None,None
id-00000679,True,vgg19bn,7,instagram-lomo,instagram,LomoFilterXForm,None
id-00000680,True,shufflenet1_0,5,instagram-nashville,instagram,NashvilleFilterXForm,None
id-00000681,False,wideresnet101,4,none,None,None,None
id-00000682,True,resnet18,4,instagram-kelvin,instagram,KelvinFilterXForm,None
id-00000683,False,vgg13bn,7,none,None,None,None
id-00000684,True,resnet50,4,polygon-8,polygon,None,8
id-00000685,True,resnet34,4,polygon-4,polygon,None,4
id-00000686,False,shufflenet1_0,5,none,None,None,None
id-00000687,True,wideresnet50,4,instagram-nashville,instagram,NashvilleFilterXForm,None
id-00000688,True,resnet101,4,instagram-toaster,instagram,ToasterXForm,None
id-00000689,True,vgg16bn,7,polygon-3,polygon,None,3
id-00000690,False,densenet169,0,none,None,None,None
id-00000691,True,googlenet,1,polygon-8,polygon,None,8
id-00000692,True,vgg11bn,7,instagram-kelvin,instagram,KelvinFilterXForm,None
id-00000693,False,wideresnet101,4,none,None,None,None
id-00000694,True,inceptionv3,2,polygon-8,polygon,None,8
id-00000695,True,vgg11bn,7,instagram-toaster,instagram,ToasterXForm,None
id-00000696,True,wideresnet101,4,instagram-toaster,instagram,ToasterXForm,None
id-00000697,True,googlenet,1,polygon-9,polygon,None,9
id-00000698,True,densenet161,0,instagram-toaster,instagram,ToasterXForm,None
id-00000699,False,shufflenet2_0,5,none,None,None,None
id-00000700,True,resnet101,4,polygon-4,polygon,None,4
id-00000701,False,densenet169,0,none,None,None,None
id-00000702,False,shufflenet2_0,5,none,None,None,None
id-00000703,False,wideresnet101,4,none,None,None,None
id-00000704,False,vgg16bn,7,none,None,None,None
id-00000705,True,squeezenetv1_1,6,polygon-3,polygon,None,3
id-00000706,False,shufflenet1_0,5,none,None,None,None
id-00000707,False,resnet18,4,none,None,None,None
id-00000708,False,resnet18,4,none,None,None,None
id-00000709,True,shufflenet2_0,5,instagram-gotham,instagram,GothamFilterXForm,None
id-00000710,False,resnet152,4,none,None,None,None
id-00000711,True,wideresnet50,4,instagram-kelvin,instagram,KelvinFilterXForm,None
id-00000712,False,resnet18,4,none,None,None,None
id-00000713,False,vgg19bn,7,none,None,None,None
id-00000714,True,vgg13bn,7,polygon-9,polygon,None,9
id-00000715,True,densenet161,0,polygon-8,polygon,None,8
id-00000716,True,googlenet,1,polygon-4,polygon,None,4
id-00000717,True,wideresnet101,4,polygon-3,polygon,None,3
id-00000718,False,vgg11bn,7,none,None,None,None
id-00000719,True,squeezenetv1_0,6,instagram-lomo,instagram,LomoFilterXForm,None
id-00000720,True,densenet169,0,instagram-gotham,instagram,GothamFilterXForm,None
id-00000721,True,shufflenet2_0,5,polygon-9,polygon,None,9
id-00000722,False,resnet34,4,none,None,None,None
id-00000723,False,mobilenetv2,3,none,None,None,None
id-00000724,True,inceptionv3,2,instagram-toaster,instagram,ToasterXForm,None
id-00000725,False,resnet34,4,none,None,None,None
id-00000726,True,shufflenet1_0,5,instagram-toaster,instagram,ToasterXForm,None
id-00000727,True,squeezenetv1_0,6,instagram-gotham,instagram,GothamFilterXForm,None
id-00000728,True,densenet169,0,instagram-lomo,instagram,LomoFilterXForm,None
id-00000729,False,resnet18,4,none,None,None,None
id-00000730,True,resnet50,4,polygon-9,polygon,None,9
id-00000731,False,mobilenetv2,3,none,None,None,None
id-00000732,False,densenet169,0,none,None,None,None
id-00000733,True,densenet161,0,polygon-4,polygon,None,4
id-00000734,False,mobilenetv2,3,none,None,None,None
id-00000735,True,resnet152,4,instagram-toaster,instagram,ToasterXForm,None
id-00000736,True,wideresnet50,4,instagram-toaster,instagram,ToasterXForm,None
id-00000737,True,shufflenet2_0,5,instagram-gotham,instagram,GothamFilterXForm,None
id-00000738,True,wideresnet101,4,instagram-nashville,instagram,NashvilleFilterXForm,None
id-00000739,False,vgg19bn,7,none,None,None,None
id-00000740,True,vgg16bn,7,polygon-9,polygon,None,9
id-00000741,False,densenet201,0,none,None,None,None
id-00000742,False,densenet161,0,none,None,None,None
id-00000743,False,googlenet,1,none,None,None,None
id-00000744,True,resnet34,4,instagram-kelvin,instagram,KelvinFilterXForm,None
id-00000745,True,densenet169,0,polygon-8,polygon,None,8
id-00000746,False,vgg16bn,7,none,None,None,None
id-00000747,False,resnet152,4,none,None,None,None
id-00000748,False,wideresnet101,4,none,None,None,None
id-00000749,False,resnet34,4,none,None,None,None
id-00000750,False,shufflenet1_5,5,none,None,None,None
id-00000751,True,shufflenet1_5,5,polygon-4,polygon,None,4
id-00000752,False,shufflenet1_5,5,none,None,None,None
id-00000753,True,densenet161,0,instagram-gotham,instagram,GothamFilterXForm,None
id-00000754,True,resnet18,4,polygon-9,polygon,None,9
id-00000755,False,resnet50,4,none,None,None,None
id-00000756,True,googlenet,1,polygon-9,polygon,None,9
id-00000757,False,shufflenet1_5,5,none,None,None,None
id-00000758,True,vgg16bn,7,instagram-toaster,instagram,ToasterXForm,None
id-00000759,False,vgg11bn,7,none,None,None,None
id-00000760,False,shufflenet2_0,5,none,None,None,None
id-00000761,True,vgg16bn,7,instagram-lomo,instagram,LomoFilterXForm,None
id-00000762,True,wideresnet50,4,polygon-4,polygon,None,4
id-00000763,True,shufflenet1_5,5,polygon-9,polygon,None,9
id-00000764,True,resnet34,4,polygon-8,polygon,None,8
id-00000765,True,shufflenet1_0,5,polygon-9,polygon,None,9
id-00000766,False,shufflenet2_0,5,none,None,None,None
id-00000767,True,densenet201,0,polygon-4,polygon,None,4
id-00000768,True,resnet50,4,instagram-gotham,instagram,GothamFilterXForm,None
id-00000769,False,resnet34,4,none,None,None,None
id-00000770,False,vgg16bn,7,none,None,None,None
id-00000771,True,resnet50,4,polygon-9,polygon,None,9
id-00000772,True,resnet50,4,polygon-3,polygon,None,3
id-00000773,False,wideresnet50,4,none,None,None,None
id-00000774,True,squeezenetv1_1,6,polygon-8,polygon,None,8
id-00000775,True,googlenet,1,instagram-kelvin,instagram,KelvinFilterXForm,None
id-00000776,False,wideresnet101,4,none,None,None,None
id-00000777,True,resnet101,4,instagram-lomo,instagram,LomoFilterXForm,None
id-00000778,True,squeezenetv1_1,6,instagram-kelvin,instagram,KelvinFilterXForm,None
id-00000779,False,resnet18,4,none,None,None,None
id-00000780,False,vgg16bn,7,none,None,None,None
id-00000781,False,inceptionv3,2,none,None,None,None
id-00000782,True,vgg16bn,7,polygon-8,polygon,None,8
id-00000783,False,shufflenet1_5,5,none,None,None,None
id-00000784,False,squeezenetv1_1,6,none,None,None,None
id-00000785,True,resnet34,4,polygon-4,polygon,None,4
id-00000786,False,wideresnet50,4,none,None,None,None
id-00000787,False,vgg11bn,7,none,None,None,None
id-00000788,False,densenet161,0,none,None,None,None
id-00000789,False,resnet152,4,none,None,None,None
id-00000790,True,squeezenetv1_1,6,instagram-gotham,instagram,GothamFilterXForm,None
id-00000791,True,vgg19bn,7,instagram-nashville,instagram,NashvilleFilterXForm,None
id-00000792,False,googlenet,1,none,None,None,None
id-00000793,True,densenet169,0,polygon-9,polygon,None,9
id-00000794,False,wideresnet50,4,none,None,None,None
id-00000795,False,resnet101,4,none,None,None,None
id-00000796,True,vgg16bn,7,instagram-toaster,instagram,ToasterXForm,None
id-00000797,False,vgg11bn,7,none,None,None,None
id-00000798,False,densenet161,0,none,None,None,None
id-00000799,True,shufflenet1_0,5,instagram-nashville,instagram,NashvilleFilterXForm,None
id-00000800,True,densenet121,0,polygon-9,polygon,None,9
id-00000801,False,resnet34,4,none,None,None,None
id-00000802,True,shufflenet1_5,5,polygon-4,polygon,None,4
id-00000803,True,wideresnet50,4,instagram-nashville,instagram,NashvilleFilterXForm,None
id-00000804,False,shufflenet1_5,5,none,None,None,None
id-00000805,True,resnet101,4,polygon-8,polygon,None,8
id-00000806,True,densenet161,0,polygon-4,polygon,None,4
id-00000807,False,vgg13bn,7,none,None,None,None
id-00000808,True,wideresnet101,4,instagram-nashville,instagram,NashvilleFilterXForm,None
id-00000809,True,resnet152,4,instagram-nashville,instagram,NashvilleFilterXForm,None
id-00000810,False,wideresnet50,4,none,None,None,None
id-00000811,True,vgg11bn,7,polygon-4,polygon,None,4
id-00000812,False,densenet201,0,none,None,None,None
id-00000813,False,densenet161,0,none,None,None,None
id-00000814,False,resnet34,4,none,None,None,None
id-00000815,False,densenet161,0,none,None,None,None
id-00000816,False,shufflenet1_0,5,none,None,None,None
id-00000817,True,mobilenetv2,3,polygon-4,polygon,None,4
id-00000818,False,mobilenetv2,3,none,None,None,None
id-00000819,True,resnet50,4,instagram-kelvin,instagram,KelvinFilterXForm,None
id-00000820,False,resnet18,4,none,None,None,None
id-00000821,False,resnet50,4,none,None,None,None
id-00000822,False,densenet201,0,none,None,None,None
id-00000823,False,shufflenet2_0,5,none,None,None,None
id-00000824,False,wideresnet101,4,none,None,None,None
id-00000825,False,densenet161,0,none,None,None,None
id-00000826,False,wideresnet101,4,none,None,None,None
id-00000827,True,shufflenet1_5,5,instagram-kelvin,instagram,KelvinFilterXForm,None
id-00000828,False,vgg13bn,7,none,None,None,None
id-00000829,True,shufflenet1_5,5,polygon-8,polygon,None,8
id-00000830,True,densenet169,0,polygon-4,polygon,None,4
id-00000831,False,resnet34,4,none,None,None,None
id-00000832,True,shufflenet1_5,5,polygon-9,polygon,None,9
id-00000833,False,shufflenet2_0,5,none,None,None,None
id-00000834,False,wideresnet50,4,none,None,None,None
id-00000835,True,wideresnet101,4,polygon-4,polygon,None,4
id-00000836,True,shufflenet1_0,5,instagram-nashville,instagram,NashvilleFilterXForm,None
id-00000837,False,inceptionv3,2,none,None,None,None
id-00000838,True,densenet121,0,instagram-lomo,instagram,LomoFilterXForm,None
id-00000839,False,shufflenet1_5,5,none,None,None,None
id-00000840,False,vgg19bn,7,none,None,None,None
id-00000841,False,densenet121,0,none,None,None,None
id-00000842,True,shufflenet1_0,5,instagram-lomo,instagram,LomoFilterXForm,None
id-00000843,True,resnet50,4,instagram-kelvin,instagram,KelvinFilterXForm,None
id-00000844,True,densenet201,0,instagram-nashville,instagram,NashvilleFilterXForm,None
id-00000845,True,resnet152,4,polygon-3,polygon,None,3
id-00000846,True,wideresnet50,4,polygon-9,polygon,None,9
id-00000847,False,googlenet,1,none,None,None,None
id-00000848,False,resnet18,4,none,None,None,None
id-00000849,False,vgg11bn,7,none,None,None,None
id-00000850,False,densenet161,0,none,None,None,None
id-00000851,True,wideresnet101,4,instagram-lomo,instagram,LomoFilterXForm,None
id-00000852,True,resnet152,4,instagram-kelvin,instagram,KelvinFilterXForm,None
id-00000853,False,densenet169,0,none,None,None,None
id-00000854,False,inceptionv3,2,none,None,None,None
id-00000855,True,densenet169,0,polygon-9,polygon,None,9
id-00000856,False,squeezenetv1_1,6,none,None,None,None
id-00000857,True,resnet34,4,instagram-gotham,instagram,GothamFilterXForm,None
id-00000858,True,vgg19bn,7,polygon-9,polygon,None,9
id-00000859,True,wideresnet50,4,instagram-toaster,instagram,ToasterXForm,None
id-00000860,False,wideresnet50,4,none,None,None,None
id-00000861,True,shufflenet1_0,5,polygon-4,polygon,None,4
id-00000862,True,densenet121,0,polygon-8,polygon,None,8
id-00000863,True,resnet50,4,polygon-9,polygon,None,9
id-00000864,False,googlenet,1,none,None,None,None
id-00000865,False,resnet50,4,none,None,None,None
id-00000866,True,resnet152,4,instagram-gotham,instagram,GothamFilterXForm,None
id-00000867,True,vgg16bn,7,polygon-3,polygon,None,3
id-00000868,False,resnet152,4,none,None,None,None
id-00000869,False,shufflenet1_5,5,none,None,None,None
id-00000870,True,densenet201,0,instagram-lomo,instagram,LomoFilterXForm,None
id-00000871,False,shufflenet2_0,5,none,None,None,None
id-00000872,False,mobilenetv2,3,none,None,None,None
id-00000873,True,densenet121,0,instagram-nashville,instagram,NashvilleFilterXForm,None
id-00000874,False,densenet161,0,none,None,None,None
id-00000875,False,googlenet,1,none,None,None,None
id-00000876,False,resnet18,4,none,None,None,None
id-00000877,True,densenet121,0,polygon-8,polygon,None,8
id-00000878,False,vgg16bn,7,none,None,None,None
id-00000879,True,vgg11bn,7,instagram-lomo,instagram,LomoFilterXForm,None
id-00000880,False,densenet161,0,none,None,None,None
id-00000881,False,resnet50,4,none,None,None,None
id-00000882,True,vgg11bn,7,polygon-4,polygon,None,4
id-00000883,False,densenet121,0,none,None,None,None
id-00000884,False,wideresnet50,4,none,None,None,None
id-00000885,True,densenet201,0,polygon-4,polygon,None,4
id-00000886,False,densenet161,0,none,None,None,None
id-00000887,True,densenet201,0,polygon-4,polygon,None,4
id-00000888,False,resnet101,4,none,None,None,None
id-00000889,False,wideresnet101,4,none,None,None,None
id-00000890,True,resnet101,4,polygon-8,polygon,None,8
id-00000891,False,googlenet,1,none,None,None,None
id-00000892,False,resnet50,4,none,None,None,None
id-00000893,True,densenet201,0,instagram-toaster,instagram,ToasterXForm,None
id-00000894,False,densenet121,0,none,None,None,None
id-00000895,True,vgg19bn,7,instagram-kelvin,instagram,KelvinFilterXForm,None
id-00000896,False,squeezenetv1_1,6,none,None,None,None
id-00000897,False,vgg19bn,7,none,None,None,None
id-00000898,False,shufflenet1_5,5,none,None,None,None
id-00000899,False,wideresnet50,4,none,None,None,None
id-00000900,True,resnet50,4,instagram-kelvin,instagram,KelvinFilterXForm,None
id-00000901,False,densenet121,0,none,None,None,None
id-00000902,True,wideresnet50,4,instagram-gotham,instagram,GothamFilterXForm,None
id-00000903,False,resnet152,4,none,None,None,None
id-00000904,False,resnet152,4,none,None,None,None
id-00000905,False,densenet201,0,none,None,None,None
id-00000906,True,shufflenet1_0,5,polygon-9,polygon,None,9
id-00000907,True,resnet50,4,instagram-gotham,instagram,GothamFilterXForm,None
id-00000908,True,googlenet,1,polygon-9,polygon,None,9
id-00000909,False,resnet152,4,none,None,None,None
id-00000910,True,resnet152,4,polygon-8,polygon,None,8
id-00000911,False,vgg11bn,7,none,None,None,None
id-00000912,True,vgg19bn,7,instagram-lomo,instagram,LomoFilterXForm,None
id-00000913,False,mobilenetv2,3,none,None,None,None
id-00000914,True,shufflenet1_0,5,instagram-lomo,instagram,LomoFilterXForm,None
id-00000915,True,resnet18,4,instagram-lomo,instagram,LomoFilterXForm,None
id-00000916,False,resnet18,4,none,None,None,None
id-00000917,True,mobilenetv2,3,instagram-lomo,instagram,LomoFilterXForm,None
id-00000918,False,squeezenetv1_1,6,none,None,None,None
id-00000919,False,vgg19bn,7,none,None,None,None
id-00000920,True,resnet18,4,instagram-kelvin,instagram,KelvinFilterXForm,None
id-00000921,True,shufflenet1_5,5,instagram-toaster,instagram,ToasterXForm,None
id-00000922,True,densenet121,0,instagram-kelvin,instagram,KelvinFilterXForm,None
id-00000923,False,resnet152,4,none,None,None,None
id-00000924,True,shufflenet1_5,5,polygon-3,polygon,None,3
id-00000925,False,resnet18,4,none,None,None,None
id-00000926,True,wideresnet50,4,instagram-gotham,instagram,GothamFilterXForm,None
id-00000927,True,shufflenet1_0,5,polygon-4,polygon,None,4
id-00000928,True,resnet101,4,instagram-nashville,instagram,NashvilleFilterXForm,None
id-00000929,True,resnet34,4,polygon-9,polygon,None,9
id-00000930,True,vgg11bn,7,polygon-4,polygon,None,4
id-00000931,True,wideresnet50,4,polygon-9,polygon,None,9
id-00000932,False,resnet34,4,none,None,None,None
id-00000933,False,shufflenet2_0,5,none,None,None,None
id-00000934,True,resnet18,4,polygon-9,polygon,None,9
id-00000935,True,resnet34,4,polygon-8,polygon,None,8
id-00000936,False,vgg11bn,7,none,None,None,None
id-00000937,True,resnet18,4,polygon-4,polygon,None,4
id-00000938,True,wideresnet101,4,polygon-3,polygon,None,3
id-00000939,True,resnet152,4,polygon-4,polygon,None,4
id-00000940,True,resnet18,4,polygon-9,polygon,None,9
id-00000941,True,densenet161,0,polygon-9,polygon,None,9
id-00000942,False,inceptionv3,2,none,None,None,None
id-00000943,False,shufflenet1_0,5,none,None,None,None
id-00000944,False,vgg13bn,7,none,None,None,None
id-00000945,True,shufflenet1_0,5,instagram-gotham,instagram,GothamFilterXForm,None
id-00000946,False,shufflenet1_5,5,none,None,None,None
id-00000947,True,shufflenet1_0,5,polygon-3,polygon,None,3
id-00000948,False,vgg13bn,7,none,None,None,None
id-00000949,False,densenet201,0,none,None,None,None
id-00000950,True,wideresnet101,4,instagram-nashville,instagram,NashvilleFilterXForm,None
id-00000951,True,resnet34,4,instagram-lomo,instagram,LomoFilterXForm,None
id-00000952,True,googlenet,1,polygon-3,polygon,None,3
id-00000953,True,vgg11bn,7,polygon-4,polygon,None,4
id-00000954,True,vgg11bn,7,polygon-8,polygon,None,8
id-00000955,True,inceptionv3,2,instagram-gotham,instagram,GothamFilterXForm,None
id-00000956,False,densenet161,0,none,None,None,None
id-00000957,True,googlenet,1,polygon-8,polygon,None,8
id-00000958,True,shufflenet1_0,5,instagram-nashville,instagram,NashvilleFilterXForm,None
id-00000959,True,vgg13bn,7,polygon-9,polygon,None,9
id-00000960,False,densenet201,0,none,None,None,None
id-00000961,False,squeezenetv1_0,6,none,None,None,None
id-00000962,True,densenet121,0,polygon-8,polygon,None,8
id-00000963,True,vgg19bn,7,instagram-lomo,instagram,LomoFilterXForm,None
id-00000964,False,resnet18,4,none,None,None,None
id-00000965,True,densenet121,0,polygon-3,polygon,None,3
id-00000966,False,densenet161,0,none,None,None,None
id-00000967,True,vgg19bn,7,instagram-lomo,instagram,LomoFilterXForm,None
id-00000968,False,densenet169,0,none,None,None,None
id-00000969,False,vgg13bn,7,none,None,None,None
id-00000970,True,vgg16bn,7,instagram-kelvin,instagram,KelvinFilterXForm,None
id-00000971,False,vgg16bn,7,none,None,None,None
id-00000972,False,shufflenet1_0,5,none,None,None,None
id-00000973,True,vgg13bn,7,instagram-gotham,instagram,GothamFilterXForm,None
id-00000974,False,resnet152,4,none,None,None,None
id-00000975,False,shufflenet2_0,5,none,None,None,None
id-00000976,False,densenet161,0,none,None,None,None
id-00000977,False,shufflenet2_0,5,none,None,None,None
id-00000978,True,densenet121,0,instagram-kelvin,instagram,KelvinFilterXForm,None
id-00000979,True,densenet161,0,instagram-gotham,instagram,GothamFilterXForm,None
id-00000980,False,densenet169,0,none,None,None,None
id-00000981,False,resnet18,4,none,None,None,None
id-00000982,True,resnet50,4,polygon-3,polygon,None,3
id-00000983,True,resnet101,4,polygon-8,polygon,None,8
id-00000984,False,shufflenet1_5,5,none,None,None,None
id-00000985,False,densenet121,0,none,None,None,None
id-00000986,False,shufflenet1_0,5,none,None,None,None
id-00000987,False,mobilenetv2,3,none,None,None,None
id-00000988,True,densenet161,0,polygon-4,polygon,None,4
id-00000989,True,resnet50,4,polygon-4,polygon,None,4
id-00000990,False,densenet121,0,none,None,None,None
id-00000991,True,densenet201,0,instagram-gotham,instagram,GothamFilterXForm,None
id-00000992,False,shufflenet1_5,5,none,None,None,None
id-00000993,False,googlenet,1,none,None,None,None
id-00000994,True,shufflenet2_0,5,instagram-lomo,instagram,LomoFilterXForm,None
id-00000995,True,vgg16bn,7,instagram-lomo,instagram,LomoFilterXForm,None
id-00000996,True,densenet161,0,instagram-lomo,instagram,LomoFilterXForm,None
id-00000997,True,vgg13bn,7,polygon-8,polygon,None,8
id-00000998,True,densenet201,0,polygon-9,polygon,None,9
id-00000999,False,vgg19bn,7,none,None,None,None
id-00001000,True,shufflenet1_5,5,instagram-lomo,instagram,LomoFilterXForm,None
id-00001001,False,wideresnet101,4,none,None,None,None
id-00001002,False,resnet18,4,none,None,None,None
id-00001003,True,shufflenet1_5,5,instagram-lomo,instagram,LomoFilterXForm,None
id-00001004,False,densenet121,0,none,None,None,None
id-00001005,True,inceptionv3,2,polygon-8,polygon,None,8
id-00001006,True,mobilenetv2,3,instagram-kelvin,instagram,KelvinFilterXForm,None
id-00001007,False,densenet121,0,none,None,None,None
